node,ncrna,ensemble prediction,rtdna (sequencing values),rt/cladea,retron (sub)b,msr/msd familiyc,rt-dna production,bacterial editing,mammalian editing group,new group
7,TCCACAAAGATCGACGAAGCGCCTGGACCTGTAATAGTCGGTACCACGGTGAGCTAATGATTGTTGGTCGGAGTAGAGCATTCAGTCTATCCGCGCTGAGGACCGACGTTCTGACAGTTCCGAGTGAATTT,(((((((((((((......(((((((((...)))))))))..(((.....))).(((((.....)))))......(((((....((.(((.((((.....))))))).))..))))).))))))))))))),0.002000257;0.002000257;0.002016815;0.002016815;0.002016815;0.002016815;0.002683567;0.002683567;0.002683567;0.00335032;0.00335032;0.00335032;0.00335032;0.00335032;0.003366877;0.003366877;0.003366877;0.003366877;0.003383434;0.003383434;0.003383434;0.003383434;0.003383434;0.003383434;0.003383434;0.004033629;0.004033629;0.004066744;0.004083302;0.004733497;0.004733497;0.004733497;0.004750054;0.004750054;0.005400249;0.005416807;0.005433364;0.006116674;0.006149789;0.006182903;0.006199461;0.00756608;0.008448079;0.017444468;0.027649546;0.038769737;0.049471537;0.062302867;0.070069552;0.097626127;0.867458885;0.907218879;0.913392868;0.91649037;0.919923477;0.923323469;0.925973921;0.927340541;0.927439885;0.929423585;0.930106895;0.930106895;0.933390985;0.936107667;0.938157596;0.938956808;0.938956808;0.941756277;0.943855878;0.94458886;0.94458886;0.94527217;0.94527217;0.945288728;0.9453384;0.945988595;0.953857165;0.957841122;0.958507875;0.958507875;0.95984138;0.960508132;0.960508132;0.960508132;0.961858195;0.964574876;0.967842409;0.968509162;0.969175914;0.969175914;0.969192471;0.969842666;0.970492862;0.979645265;0.980962212;0.98748072;0.988130915;0.988130915;0.98878111;0.989431305;0.99534929;0.99534929;0.9960326;0.9960326;0.999333248;0.999333248;0.999333248;0.999983443;0.999983443;0.999983443;0.999983443;0.999983443;0.999983443;0.999983443;0.999983443;0.999983443;0.58580919;0.089286242;0.085169825;0.067465542;0.067465542;0.067465542;0.064181452;0.060263725;0.060214052;0.058164123;0.058097893;0.04436101;0.042911604;0.042911604;0.042911604,,,,84,74,1,A
8,AGGAGTGGCACGTGGCCAGTTACGCATTGAAAGCCATACCCTAAAACCCTGCGACCCGCACAGATATCGCCGAGGGCATGCTTGTTACAACTTCAACCCAAGTCACCGCGCACCCGGAGATCCTTTGAGTTCGCCATACACTGA,,,,,,100,85,1,A
9,GAACTCTCAAGTATTATCATCCCCGCTGCGACATCGTGGAGTAGGCACATTATGTGCGGAGTCATGCCACGAAGCAATGGACAATGGAGCAAGAGGTGTACTGAGCGCGCAACTTCTA,,,,,,49,34,4,B