node,ncrna,ensemble prediction,rtdna (sequencing values),rt/cladea,retron (sub)b,msr/msd familiyc,rt-dna production,bacterial editing,mammalian editing group
1,AATAATCTTACGCGGATAGAAATGTAATTATCGGTTGTTAGGAGATACAAGATGCTTCACCAACTTGTTTGGAGTAAGTGCTGTATCACGAAGTGCGCCGATCGATGTAGTCGGAAAAGCATAGGAAGAGAACCGGATTTGTAAATTCTTTTTAGTCTGCCACCGAACGGGAATATCGCGAACTTCTACAGGACAATGCCTAGCACGCTCTTGGAGGTAAGGCTCACAAAGGCTGTGGTTCTGAGGGCGCGGAGTATACCGGGAAACTCTACCCGGCA,,,1, I-A, IA/IIA1,57,25,1
64,CTTACAGACGGGCTGCCTAGGGGTCAACTGGACATAAGATCGGGGCTAGCCGCTACGCGAGGCTTCCTTCAGCCGCCGGTCTATTATAGATTTCGTCAAAATTGACGTCAGTCGGTTAATAGTCGTGTTCATAGGTGTCGCAAGACAGTGCGGTATCATCCTCCGTT,((((((((.........((((((((((......)))).)))))).(((.((((...)))).)))..(((((....))))).......((((((((((((((((((((((.((((((((.....)))))))).)))))))))))))))))))))).....)))))))),0.00003;0.00003;0.00003;0.00006;0.00006;0.00006;0.00006;0.00006;0.00006;0.00006;0.00006;0.00006;0.00006;0.00006;0.00006;0.00006;0.00006;0.00006;0.00006;0.00006;0.00006;0.00006;0.00006;0.00006;0.00006;0.00006;0.00006;0.00006;0.00006;0.00006;0.00006;0.00006;0.00006;0.00006;0.00006;0.00010;0.00010;0.00010;0.00010;0.00010;0.00010;0.00010;0.00010;0.00010;0.00010;0.00010;0.00010;0.00010;0.00013;0.00013;0.00013;0.00016;0.00016;0.00016;0.00016;0.00019;0.00019;0.00019;0.00022;0.00022;0.00022;0.00022;0.00022;0.00025;0.00025;0.00032;0.00044;0.00054;0.00852;0.04035;0.08481;0.13267;0.18220;0.23240;0.31842;0.96437;0.99509;0.99519;0.99547;0.99781;0.99794;0.99794;0.99800;0.99800;0.99800;0.99842;0.99873;0.99892;0.99895;0.99895;0.99895;0.99899;0.99899;0.99899;0.99899;0.99899;0.99899;0.99899;0.99899;0.99899;0.99899;0.99899;0.99899;0.99899;0.99899;0.99899;0.99899;0.99902;0.99905;0.99911;0.99911;0.99914;0.99921;0.99921;0.99921;0.99921;0.99924;0.99940;0.99940;0.99940;0.99946;0.99946;0.99952;0.99952;0.99959;0.99962;0.99962;0.99975;0.99978;0.99984;0.99984;0.99984;0.99984;0.99984;0.99984;0.99984;0.99984;0.99987;0.99987;0.99994;0.99994;0.99997;0.99997;0.99997;0.99997;0.99997;0.99997;0.99997;0.99997;0.99997;0.99997;0.99997;0.99997;0.99411;0.00481;0.00358;0.00342;0.00342;0.00342;0.00339;0.00339;0.00339;0.00339;0.00339;0.00320;0.00301;0.00301,,,,26,78,2